{"cameraMode":{"drawMode":0,"name":"Shaded","section":"Shading Mode"},"sceneLighting":true,"audioPlay":false,"sceneViewState":{"showFog":true,"showMaterialUpdate":false,"showSkybox":true,"showFlares":true,"showImageEffects":true,"showParticleSystems":true},"in2DMode":false,"pivot":{"x":213.5792694091797,"y":-51.85386276245117,"z":149.52252197265626},"rotation":{"x":-0.046934325248003009,"y":0.9489496946334839,"z":-0.2614152431488037,"w":-0.17037253081798554},"size":129.75335693359376,"orthographic":false}