{"cameraMode":{"drawMode":0,"name":"Shaded","section":"Shading Mode"},"sceneLighting":true,"audioPlay":false,"sceneViewState":{"showFog":true,"showMaterialUpdate":false,"showSkybox":true,"showFlares":true,"showImageEffects":true,"showParticleSystems":true},"in2DMode":false,"pivot":{"x":156.22105407714845,"y":4.849422454833984,"z":393.1703186035156},"rotation":{"x":0.11484210938215256,"y":-0.27840861678123476,"z":0.03351248800754547,"w":0.9529852271080017},"size":244.28329467773438,"orthographic":false}