{"cameraMode":{"drawMode":0,"name":"Shaded","section":"Shading Mode"},"sceneLighting":true,"audioPlay":false,"sceneViewState":{"showFog":true,"showMaterialUpdate":false,"showSkybox":true,"showFlares":true,"showImageEffects":true,"showParticleSystems":true},"in2DMode":false,"pivot":{"x":201.031982421875,"y":-64.12509155273438,"z":517.5098876953125},"rotation":{"x":-0.14475969970226289,"y":0.7313937544822693,"z":-0.1638566106557846,"w":-0.6459835171699524},"size":662.1436157226563,"orthographic":false}